Title,Location,Company,Salary,Sponsored
None,None,None,None,Organic
None,None,None,None,Organic
None,None,None,None,Organic
None,None,None,None,Organic
None,None,None,None,Organic
None,None,None,None,Organic
None,None,None,None,Organic
None,None,None,None,Organic
None,None,None,None,Organic
None,None,None,None,Organic
None,None,None,None,Organic
None,None,None,None,Organic
None,None,None,None,Organic
None,None,None,None,Organic
None,None,None,None,Organic
None,None,None,None,Organic
None,None,None,None,Organic
None,None,None,None,Organic
None,None,None,None,Organic
None,None,None,None,Organic
None,None,None,None,Organic
None,None,None,None,Organic
None,None,None,None,Organic
None,None,None,None,Organic
None,None,None,None,Organic
None,None,None,None,Organic
None,None,None,None,Organic
None,None,None,None,Organic
None,None,None,None,Organic
None,None,None,None,Organic
None,None,None,None,Organic
None,None,None,None,Organic
None,None,None,None,Organic
None,None,None,None,Organic
None,None,None,None,Organic
None,None,None,None,Organic
None,None,None,None,Organic
None,None,None,None,Organic
None,None,None,None,Organic
None,None,None,None,Organic
None,None,None,None,Organic
None,None,None,None,Organic
None,None,None,None,Organic
None,None,None,None,Organic
None,None,None,None,Organic
None,None,None,None,Organic
None,None,None,None,Organic
None,None,None,None,Organic
None,None,None,None,Organic
None,None,None,None,Organic
None,None,None,None,Organic
None,None,None,None,Organic
None,None,None,None,Organic
None,None,None,None,Organic
None,None,None,None,Organic
None,None,None,None,Organic
None,None,None,None,Organic
None,None,None,None,Organic
None,None,None,None,Organic
None,None,None,None,Organic
None,None,None,None,Organic
None,None,None,None,Organic
None,None,None,None,Organic
None,None,None,None,Organic
None,None,None,None,Organic
None,None,None,None,Organic
None,None,None,None,Organic
None,None,None,None,Organic
None,None,None,None,Organic
None,None,None,None,Organic
None,None,None,None,Organic
None,None,None,None,Organic
None,None,None,None,Organic
None,None,None,None,Organic
None,None,None,None,Organic
